Reporter Name,Partner Name,Trade Flow,Product Group,Indicator,1991,1992,1993,1994,1995,1996,1997,1998,1999,2000,2001,2002,2003,2004,2005,2006,2007,2008,2009,2010,2011,2012,2013,2014,2015,2016,2017,2018
United States,Afghanistan,Import,  All Products,Import (US$ Thousand),4597.924,2367.516,3002.751,6332.573,5711.536,17795.968,11149.085,17520.208,10101.932,780.891,769.05,4156.761,62704.539,25106.462,67649.574,45827.15,76810.325,86906.964,124107.6,87474.254,26636.658,36759.941,45514.058,72809.599,24493.917,34476.346,14693.748,29792.145
United States,Albania,Import,  All Products,Import (US$ Thousand),3570.769,5539.635,8138.072,6622.001,10177.914,11177.941,12468.397,13080.819,9470.74,7767.276,7270.132,6222.203,4696.904,12211.63,38852.832,25067.445,10121.585,12435.464,15804.487,31775.534,27850.624,18856.919,22776.586,70266.373,163094.861,125856.719,43364.778,70407.111
United States,Algeria,Import,  All Products,Import (US$ Thousand),2277975.808,1693779.712,1710781.824,1664329.728,1807209.728,2270363.392,2645617.92,1798656,1951535.36,2724270.079,2701903.447,2555071.935,5121534.638,7926532.131,10931930.52,16088929.74,18431957.98,20032288.95,11150475.83,14943690.2,14912502.64,9993334.569,4830871.545,4794597.266,3537247.687,3418707.042,3991779.864,4781629.382
United States,Andorra,Import,  All Products,Import (US$ Thousand),209.67,64.876,145.855,122.616,252.96,2637.802,298.822,140.558,134.89,343.82,220.79,810.151,289.679,970.442,712.001,2745.47,458.803,902.653,541.665,482.319,619.386,428.818,1404.73,1250.517,4887.508,6689.823,13761.814,16087.299
United States,Angola,Import,  All Products,Import (US$ Thousand),1914486.4,2435714.56,2237486.336,2209201.664,2390158.848,2855055.104,2935766.272,2450877.44,2574613.76,3555286.27,3095899.169,3283495.192,4508909.969,4796799.975,8846626.689,12174574.01,12925965.22,19497727.58,9703060.917,12273944.97,13833012.04,9823874.266,8742942.417,5837752.018,2917054.295,2976766.381,2686493.698,2768924.982
United States,Anguila,Import,  All Products,Import (US$ Thousand),1416.347,67.604,328.24,278.336,73.825,842.409,749.329,2150.837,2320.058,1652.868,1835.227,999.814,1349.588,917.609,3849.426,4303.461,4724.395,4515.556,5922.443,2620.005,4982.697,3574.428,4033.764,5470.943,5688.836,4141.391,4616.978,5154.363
United States,Antigua and Barbuda,Import,  All Products,Import (US$ Thousand),4626.933,5818.812,16366.641,5570.187,3200.536,8916.412,5266.918,2100.084,1968.028,2291.648,3741.41,3748.315,13547.787,4738.714,4604.813,5935.891,8946.171,5039.857,9416.237,5624.255,6701.119,9640.118,9606.755,7948.68,6969.811,17202.066,12001.236,4949.775
United States,Argentina,Import,  All Products,Import (US$ Thousand),1399333.888,1369500.672,1297639.936,1819572.224,1881129.984,2450563.84,2379927.552,2441024.512,2793390.08,3099473.404,3013446.446,3434104.32,3435500.071,4067279.572,4956583.262,4276932.932,4819989.736,6177698.342,4133441.888,4007943.482,4735427.165,4350415.071,4642247.609,4453637.876,4187110.074,4911097.074,5001495.389,5032016.626
United States,Armenia,Import,  All Products,Import (US$ Thousand),,1444.995,781.739,1001.722,18327.544,1557.103,6310.624,17189.904,16052.44,23004.587,32902.359,31787.083,38664.975,47629.962,47202.701,48083.033,33851.295,43378.736,79103.385,78831.804,96717.923,88565.24,101155.685,101211.587,66017.473,44859.468,70903.422,55511.582
United States,Aruba,Import,  All Products,Import (US$ Thousand),106040.608,219671.36,481715.936,488874.336,446421.312,590960.576,646440.256,498407.808,708772.352,1535548.964,1034035.494,805698.921,1001703.384,1862155.759,3026062.462,2922333.255,3069938.037,3259697.909,1309214.273,20570.013,3325157.926,826770.063,41861.658,61620.993,55510.375,16584.256,35963.154,31666.165
United States,Australia,Import,  All Products,Import (US$ Thousand),4271383.552,3949965.824,3513833.984,3423523.072,3560497.408,4117718.016,4895538.688,5697004.032,5584667.648,6424999.568,6470381.342,6816507.245,6713861.918,7899475.342,7659316.346,8541085.343,8956453.032,10925971.42,8220815.311,8795060.19,10364472.44,9358158.834,8900155.828,10765008.04,10965056.48,9556561.771,10166117.14,10209238.8
United States,Austria,Import,  All Products,Import (US$ Thousand),1315457.28,1346624.64,1456680.576,1810966.784,2034106.496,2268941.312,2443261.44,2641472.768,2976416.256,3221152.708,3967130.702,3923175.916,4597564.628,5939603.561,6273407.384,8486455.72,10875270.65,8436062.54,6162950.296,6917706.879,9524376.946,9318123.991,9598814.012,10889474.87,11432263.37,11070626.83,11961519.9,13712368.87
United States,Azerbaijan,Import,  All Products,Import (US$ Thousand),,339.047,241.283,317.607,862.311,4968.437,6259.826,5213.321,28400.71,20929.753,20636.971,36649.128,13001.675,46184.943,49772.547,741408.39,1942465.197,4488681.427,2027580.491,2041233.583,2472504.326,1094919.275,1136157.099,1035417.811,525114.373,152590.673,216046.063,515798.157
United States,"Bahamas, The",Import,  All Products,Import (US$ Thousand),486953.568,607161.664,366411.232,219507.248,170682.832,178241.072,179457.232,153799.632,207193.744,275016.399,313889.155,469065.903,499942.424,667660.409,725138.117,475413.009,523021.096,626403.165,844826.02,842052.422,787723.344,563033.044,598974.355,555226.293,470573.525,307354.294,470763.983,461512.375
United States,Bahrain,Import,  All Products,Import (US$ Thousand),100288.336,71177.616,109376.336,165302.864,145600.512,124395.552,126319.088,169777.632,241389.728,337599.548,424065.5,419182.25,401390.615,431556.432,454859.935,653946.932,654780.559,570222.303,502727.083,445977.112,547474.212,701010.977,635587.426,1004834.601,950597.439,804631.382,1032996.115,1025261.275
United States,Bangladesh,Import,  All Products,Import (US$ Thousand),571889.024,899601.28,952960.256,1160599.424,1345303.808,1422825.856,1780511.104,1946407.552,2053480.576,2417561.785,2359015.276,2286291.5,2213469.453,2464878.684,2881335.258,3496714.233,3634597.318,3982745.59,3886495.206,4541169.17,5083031.159,4915569.502,5353438.618,5475305.24,6225863.482,6119725.526,5890025.132,6328883.498
United States,Barbados,Import,  All Products,Import (US$ Thousand),32274.68,31450.964,35068.6,35773.64,38725.656,42339.564,43344.016,36506.696,60084.388,38638.188,39545.873,35757.189,45164.684,38277.498,33296.468,35235.736,39775.932,42232.046,33879.343,44365.272,48316.834,54133.58,55377.376,53482.241,70662.933,51406.841,50133.728,57149.696
United States,Belarus,Import,  All Products,Import (US$ Thousand),,29612.208,39088.92,60474.18,49789.848,56675.944,70082.064,112563.032,99819.904,104003.947,108228.932,136455.476,237008.63,375316.129,381251.167,584749.693,1100830.581,1118561.762,596393.706,181892.837,374264.35,153440.844,104889.262,140611.471,166338.046,143509.212,294890.925,417808.53
United States,Belgium,Import,  All Products,Import (US$ Thousand),,,,,,,,,9423239.168,9929161.135,10157634.79,10037911.97,10401248.02,12809963.95,13405067.74,14788625,15676011.41,17758479.94,13997086.58,15842319.37,17804275.41,17366742.38,19011553.03,21383561.02,20012244.6,17451672.61,15422827.33,17877011.42
United States,Belgium-Luxembourg,Import,  All Products,Import (US$ Thousand),4254194.432,4847245.312,5598067.2,6861715.968,6478668.8,7185325.568,8371173.376,9036061.696,,,,,,,,,,,,,,,,,,,,
United States,Belize,Import,  All Products,Import (US$ Thousand),47762.596,61944.08,57527.528,54172.044,55937.888,72562.352,82274.28,70359.48,84406.984,93555.379,97401.187,83489.906,106084.88,113154.782,104164.771,155877.776,113431.471,163516.673,108074.308,130121.131,199976.242,161832.1,127129.431,103531.101,81461.015,58058.601,280618.442,229027.05
United States,Benin,Import,  All Products,Import (US$ Thousand),24988.436,10258.025,16931.872,11346.474,10852.834,19547.066,9053.803,4419.292,20236.996,2439.701,1286.336,787.546,682.952,1637.298,572.742,633.475,5120.94,32832.685,474.194,301.185,2018.589,2673.58,3128.498,5534.069,5111.324,7272.705,18113.626,19438.582
United States,Bermuda,Import,  All Products,Import (US$ Thousand),9134.995,24621.404,14812.216,9258.937,10652.032,11377.879,30088.768,11718.433,25361.336,38987.974,65627.202,23447.946,15559.797,25359.621,88164.711,16615.024,24307.289,140704.279,13613.933,23073.347,60304.959,83778.187,60814.6,37125.606,109290.136,25207.118,34449.016,18716.515
United States,Bhutan,Import,  All Products,Import (US$ Thousand),21.06,70.61,89.216,45.708,144.915,106.893,1053.01,1129.581,460.9,827.508,953.264,972.375,527.214,232.069,667.438,1107.778,837.954,463.761,219.972,406.481,543.454,568.747,538.582,306.482,3621.451,4272.858,1222.537,842.497
United States,Bolivia,Import,  All Products,Import (US$ Thousand),216352.736,166312.192,196390.784,268366.16,270581.344,283804.8,231756.448,233715.84,225973.504,184797.662,166352.322,166886.845,191869.619,272658.628,307606.502,377618.988,376820.749,526008.058,522529.897,694166.882,915072.262,1682149.383,1251391.005,1943178.013,1014380.915,983769.632,573809.549,494389.452
United States,Bosnia and Herzegovina,Import,  All Products,Import (US$ Thousand),,10311.454,8072.669,4708.258,3478.307,10818.958,8829.923,7775.937,15677.856,17805.255,11880.65,16795.039,12614.839,12204.362,72784.226,27026.954,26385.254,27973.33,26076.733,26864.921,51573.543,51579.899,57733.704,86158.929,81000.573,78353.532,88786.587,106530.027
United States,Botswana,Import,  All Products,Import (US$ Thousand),,,,,,,,,,40870.908,20956.456,29858.07,14217.839,74767.933,179674.438,253609.829,188838.181,219713.381,132737.536,170456.077,294171.881,221039.055,277714.441,323786.091,220334.339,444441.138,784489.174,468880.702
United States,Brazil,Import,  All Products,Import (US$ Thousand),7222117.376,8144448,8021263.36,9307302.912,9428286.464,9296194.56,10149453.82,10642211.84,11896363.01,13852522.37,14466412.46,16690150.25,18991824.51,22738203.21,26217184.8,28031247.07,27193409.75,32072884.6,21017804.64,25009190.21,32838643.29,32123374.96,27630989.08,31607113.62,28517865.65,27047003.99,30551943.38,32286167.96
United States,British Indian Ocean Ter.,Import,  All Products,Import (US$ Thousand),1478.98,244.668,71.07,887.538,1922.854,3476.618,11901.928,478.366,350.563,2894.207,346.746,421.001,1292.407,591.017,462.758,830.957,44.141,2121.059,403.216,1477.915,6083.098,19452.854,17739.892,14304.836,16154.084,12213.503,8474.008,118.993
United States,British Virgin Islands,Import,  All Products,Import (US$ Thousand),2432.826,3370.359,14477.146,15330.388,12002.763,7116.904,17321.104,7946.401,23389.444,30942.691,11866.664,41698.169,36579.727,18149.488,34041.439,27532.679,43695.097,11183.411,6264.399,19216.519,6703.542,13451.702,6361.995,11046.251,16795.736,31385.517,6954.284,19812.907
United States,Brunei,Import,  All Products,Import (US$ Thousand),28546.408,30340.184,31902.446,47225.704,40132.84,50539.128,58036.548,224049.376,417103.264,383753.149,398856.865,305962.941,446178.42,428462.294,589610.785,574926.455,418552.937,117080.94,42671.012,13270.562,25882.135,86299.78,17184.938,32882.98,20096.401,13988.319,23417.719,102041.847
United States,Bulgaria,Import,  All Products,Import (US$ Thousand),60876.096,83609.344,171705.68,239203.68,200495.712,136388.144,184925.792,232249.44,213975.584,235214.396,336896.257,365876.742,477842.24,545532.276,493361.538,495181.97,453059.737,416926.363,240871.455,273615.252,433613.082,509430.226,513729.166,632197.033,626386.029,628785.081,685301.568,1018398.287
United States,Burkina Faso,Import,  All Products,Import (US$ Thousand),585.547,186.506,461.09,494.706,405.003,4108.49,1033.468,622.381,2937.182,2472.042,5012.746,2936.925,950.995,611.538,2162.331,1055.46,1517.733,634.359,2233.077,2411.557,3654.053,2303.644,6108.975,6294.335,3643.774,5131.904,5163.661,5206.121
United States,Burundi,Import,  All Products,Import (US$ Thousand),9027.578,9075.421,2857.56,7866.984,21346.828,2118.79,14317.633,8003.285,6524.537,7994.937,2788.774,789.925,6552.381,3284.3,4807.559,2003.961,1180.356,2998.07,4235.967,3459.193,9815.249,4809.555,4297.467,4483.66,8682.662,6789.452,9119.187,14182.596
United States,Cambodia,Import,  All Products,Import (US$ Thousand),,84.826,729.864,1203.616,5572.817,4509.285,109569.392,387768.96,634994.112,825615.89,962553.994,1145849.413,1335159.986,1591369.976,1874988.274,2328266.2,2599410.829,2545828.708,2004671.02,2402003.614,2807102.439,2691552.267,2771148.511,2951402.127,3145595.812,2916161.857,3173230.138,3965176.961
United States,Cameroon,Import,  All Products,Import (US$ Thousand),139580.704,90182.416,110751.504,60977.916,52705.48,70575.824,63694.54,59750.968,83798.176,155116.824,101619.921,183518.452,225913.709,335295.681,171587.653,292225.639,314736.396,641908.707,267655.47,310205.667,343085.075,308251.59,366962.437,199551.639,142887.504,161059.422,125879.187,229265.683
United States,Canada,Import,  All Products,Import (US$ Thousand),93585006.59,101241397.2,113580384.3,131916202,148277887,159691178,171330617.3,177916428.3,201433186.3,230816137.7,216234127.2,212398395.1,225035348.7,260161285.5,294382272.2,307723064.2,317481896.7,339074076.2,227577354.2,280426517.8,317921220,323026401.8,331016249.3,354171825.4,301942705.1,282919218.1,305647659.4,325683550.9
United States,Cape Verde,Import,  All Products,Import (US$ Thousand),5.472,57.444,33.652,127.003,274.194,395.5,514.538,194.772,117.21,4213.567,1495.949,1968.885,5958.602,4007.31,2808.754,1001.604,2243.713,462.84,837.501,1482.02,1555.724,3966.021,2356.117,1809.236,2285.327,4203.689,3632.339,3709.164
United States,Cayman Islands,Import,  All Products,Import (US$ Thousand),18787.432,11234.208,35630.144,53403.324,18790.456,17657.58,20330.104,18608.832,10298.11,6566.598,6763.673,8982.5,12112.212,13655.919,54242.053,15641.545,22371.364,14436.526,13997.754,11444.151,19105.166,15043.511,32219.482,25266.453,98052.992,87230.651,54721.823,33074.141
United States,Central African Republic,Import,  All Products,Import (US$ Thousand),789.946,853.621,913.829,252.725,456.795,321.476,1379.009,2835.234,2935.341,2965.118,2363.674,2022.356,1983.181,8878.77,5749.907,4372.967,3027.263,9104.407,3475.778,5857.704,6107.551,4070.088,2787.401,1472.332,3167.198,1058.282,2263.408,2923.54
United States,Chad,Import,  All Products,Import (US$ Thousand),244.73,298.101,338.24,1969.761,3404.486,7460.873,3111.715,7916.984,7403.896,4555.575,5653.051,6327.473,24726.128,827894.637,1583641.379,2021271.087,2239869.249,3470794.935,2059913.482,2109848.358,3248084.576,2660336.285,2459150.663,2378793.357,1359848.905,957483.626,543115.344,494864.737
United States,Chile,Import,  All Products,Import (US$ Thousand),1522125.056,1625930.496,1692614.784,2072388.48,2196957.44,2580444.928,2626915.584,2811270.912,3287598.08,3269034.71,3495307.949,4353673.647,4326063.527,5419460.634,7444221.167,10291072.88,9783399.229,8980952.306,6620213.966,7688179.905,9735524.799,9366558.323,10384331.29,10265746.05,9577927.641,9545723.021,11295780.59,12200356.72
United States,China,Import,  All Products,Import (US$ Thousand),20276389.89,27450238.98,33673211.9,41345781.76,48505589.76,54396456.96,65811603.46,75094917.12,87775117.31,100012902.7,102267288.9,133510392.7,163313862.5,210500129,259836016.8,305778876.1,340106645.8,356304560.7,309530233.2,382964820.3,417340261.5,425557373.5,440351801.7,486296238,504028117,481310448,525764714.5,563203119.5
United States,Christmas Island,Import,  All Products,Import (US$ Thousand),380.004,257.684,271.577,584.173,144.486,262.845,707.591,337.374,104.777,395.732,185.292,664.843,381.628,603.157,451.493,484.337,4398.776,2145.368,787.937,598.592,1503.222,492.828,1037.15,2388.886,2168.379,1656.077,1340.549,936.781
United States,Cocos (Keeling) Islands,Import,  All Products,Import (US$ Thousand),6422.009,112.353,254.627,398.566,74.513,398.468,66.827,168.303,237.719,329.21,643.73,279.445,276.063,598.418,499.873,1534.099,954.798,1218.49,815.853,2256.209,1594.278,975.73,1027.873,3247.497,3875.711,2185.283,1260.673,2967.287
United States,Colombia,Import,  All Products,Import (US$ Thousand),2971260.16,3063985.92,3270283.52,3406598.656,3992014.08,4524999.68,5033779.712,4939560.448,6609788.416,6968000.685,5710262.82,5933425.105,6789572.262,7731397.453,9428654.602,9826571.592,10033876.76,13832363.81,11875343.18,16229639.26,23720046.99,24621661.57,21626202.36,18858160.8,14694420.72,14435553.85,14126818.93,14309499.52
United States,Comoros,Import,  All Products,Import (US$ Thousand),9707.533,10531.774,9720.956,6227.872,2242.39,6376.341,2650.024,846.68,1789.31,3513.13,10568.08,5417.726,4110.023,16599.202,1489.319,1601.01,562.297,971.234,1143.331,1755.335,1825.061,1959.039,2843.049,2106.284,1232.469,2685.056,5092.821,3037.612
United States,"Congo, Dem. Rep.",Import,  All Products,Import (US$ Thousand),308357.536,259123.184,251017.008,197899.984,273437.696,259697.216,294884.448,180487.472,237679.088,214824.767,154043.496,211086.726,183332.617,132077.181,270960.299,86144.603,208500.868,270587.481,338952.309,546186.725,623076.678,40992.382,75559.485,157633.645,156395.183,178388.688,86173.453,50323.679
United States,"Congo, Rep.",Import,  All Products,Import (US$ Thousand),445897.12,547055.232,541384.384,434530.304,223514.544,336929.568,501770.912,336456.192,441127.264,531734.156,473768.367,191052.625,457189.305,898541.773,1694634.012,3184528.241,3182283.7,5199076.373,3188684.216,3391745.621,2458666.613,1488475.391,1166599.339,433438.018,313691.663,137544.458,134160.278,445382.565
United States,Cook Islands,Import,  All Products,Import (US$ Thousand),350.16,180.347,508.092,1903.927,1129.161,1016.101,1191.286,746.094,674.237,2312.069,505.472,1263.029,3369.411,4077.685,2189.969,2189.041,1782.605,1191.111,970.607,1656.548,777.529,1357.383,376.612,816.017,859.164,1943.016,3460.032,1054.487
United States,Costa Rica,Import,  All Products,Import (US$ Thousand),1262161.28,1541564.416,1672513.024,1775543.296,1997825.664,2121127.168,2489010.176,2927245.312,4167905.28,3538692.889,2886075.099,3339287.699,3584436.002,3504742.09,3598194.017,4083806.036,4208643.326,4189311.027,5803270.689,8933644.183,10367071.08,12046054.36,11914159.67,9765910.925,4717018.84,4574902.969,4828258.852,5147768.399
United States,Cote d'Ivoire,Import,  All Products,Import (US$ Thousand),244498.624,205892.704,199467.424,204981.68,230372.752,431226.816,313616.192,447971.232,374095.84,383949.114,333087.789,399226.637,514147.241,761751.102,1282245.475,755977.63,638701.645,1159087.663,778649.638,1215111.428,1309328.741,1099495.98,1013449.247,1235662.361,1061613.873,1200548.239,1256357.134,1291959.912
United States,Croatia,Import,  All Products,Import (US$ Thousand),,45261.804,112533.144,123956.472,99508.496,75727.104,87092.568,76206.12,115635.536,140986.392,139016.894,150272.951,186145.12,300099.115,373109.805,360812.762,341984.628,281820.27,261339.764,353278.829,458430.814,444051.93,425098.141,479010.714,591382.353,524797.023,448837.658,481041.052
United States,Cuba,Import,  All Products,Import (US$ Thousand),,,,,,,,,654.576,323.097,5.565,319.273,313.527,40.915,9.524,158.654,271.701,36.696,27.957,347.48,5.7,94.355,,,,,,1275.914
United States,Curaçao,Import,  All Products,Import (US$ Thousand),,,,,,,,,,,,,,,,,,,,,560796.392,850186.173,401554.297,374720.279,339719.407,265204.827,153570.076,107228.017
United States,Cyprus,Import,  All Products,Import (US$ Thousand),13647.403,11716.993,17036.454,19576.444,14106.064,18533.896,17546.424,34834.304,33849.752,23414.835,35118.754,27102.121,26056.401,27342.461,32113.522,54832.516,17812.417,14869.042,53547.497,11713.214,21995.207,29358.126,43516.731,65590.097,33488.42,54842.053,49140.241,69997.652
United States,Czech Republic,Import,  All Products,Import (US$ Thousand),,,293444.48,335138.528,385252.576,504832.64,639117.696,695765.632,782422.08,1070188.895,1116218.271,1294859.943,1458128.404,1837848.96,2288779.813,2455487.081,2525102.375,2666473.227,1978430.865,2533172.742,3453620.722,3930623.396,3922887.32,4479007.672,4646155.337,4544941.787,4736411.072,5164872.646
United States,Czechoslovakia,Import,  All Products,Import (US$ Thousand),155621.376,256159.056,,,,,,,,,,,,,,,,,,,,,,,,,,
United States,Denmark,Import,  All Products,Import (US$ Thousand),1731590.272,1736427.648,1740745.216,2211470.848,2032749.312,2222846.72,2224985.6,2481713.664,2932773.12,2965018.323,3406699.361,3346787.282,3843699.151,4017662.511,5305163.507,5707426.862,6233085.011,6593740.729,5699234.222,6145915.239,6908880.516,6776687.805,6494185.788,7631110.147,7885648.774,8075664.946,7847466.288,9022254.482
United States,Djibouti,Import,  All Products,Import (US$ Thousand),53.447,,35.905,70.067,36.509,8.037,,541.402,119.218,419.099,950.571,1966.659,633.272,1037.466,1135.885,3357.609,4624.793,7092.775,2950.942,3054.932,4120.233,11849.636,3948.158,11982.8,35617.518,28280.226,34672.571,48113.055
United States,Dominica,Import,  All Products,Import (US$ Thousand),4935.3,4719.029,6083.865,7284.577,7070.367,8368.677,9568.948,6767.298,23393.154,6926.378,5267.936,5097.282,5769.851,3360.715,3632.01,3311.667,1857.713,2455.036,2852.527,1706.347,1990.612,1744.607,2597.685,1647.218,1755.55,2760.455,1319.443,1406.342
United States,Dominican Republic,Import,  All Products,Import (US$ Thousand),2085367.296,2452305.152,2757527.296,3187780.352,3511096.576,3676937.472,4444693.504,4551144.448,4377541.12,4383331.494,4183435.412,4271427.787,4558007.063,4636706.77,4721498.253,4649199.453,4327915.453,4087183.917,3420570.052,3771603.261,4312687.648,4370347.502,4261017.144,4637891.378,4781211.062,4788622.687,4868055.113,5444957.069
United States,East Timor,Import,  All Products,Import (US$ Thousand),,,,,,,,,,,101.549,25,3690.085,28.364,85.373,12.14,324.643,24.198,69.071,,27.152,97.608,116.241,188.27,3371.638,5579.955,5610.249,7609.871
United States,Ecuador,Import,  All Products,Import (US$ Thousand),1513189.504,1494557.312,1562857.088,1937010.816,2157904.64,2121342.08,2280250.368,1989375.872,2045986.304,2237823.405,2009694.887,2388393.152,3031418.305,4689776.221,6214646.913,7571519.548,6539781.58,9532635.835,5610194.134,7834762.929,10033289.82,9484411.908,11491155.31,11296253.73,7921963.141,6493997.005,6758664.366,7082206.086
United States,"Egypt, Arab Rep.",Import,  All Products,Import (US$ Thousand),223534.384,465595.264,663213.76,592828.352,653881.28,713464.384,694858.112,698609.472,650651.904,887730.766,882037.807,1420921.218,1218317.846,1392044.331,2221127.496,2573354.773,2544980.478,2484391.703,2169427.899,2355252.806,2161941.843,3000099.879,1614561.651,1482052.723,1479921.107,1561796.549,1718942.452,2582465.144
United States,El Salvador,Import,  All Products,Import (US$ Thousand),322425.824,409322.432,512927.68,634610.176,843064.64,1111314.944,1385419.776,1478918.016,1648178.432,1932937.857,1880151.86,2038416.96,2077134.183,2111608.069,2052289.092,1919070.376,2118517.214,2308597.658,1881101.369,2273734.326,2559804.055,2587563.48,2437350.911,2471842.719,2609712.937,2571240.315,2534733.141,2582401.03
United States,Equatorial Guinea,Import,  All Products,Import (US$ Thousand),266.15,24.269,3960.865,330.539,34492.612,81982.584,33033.324,73551.544,45290.592,154716.659,463942.587,533817.979,962963.237,1258840.198,1674639.277,1825405.066,1861818.069,3495118.929,2587063.732,2289204.623,1223537.879,1699803.812,897993.733,268273.874,174789.719,210132.579,378145.026,606331.712
United States,Eritrea,Import,  All Products,Import (US$ Thousand),,,,,388.54,1775.606,1425.833,764.801,499.276,196.134,88.586,414.532,259.584,481.208,1341.694,895.512,451.234,138.123,545.599,107.32,149.126,199.965,157.595,103.907,115.179,484.311,284.112,290.454
United States,Estonia,Import,  All Products,Import (US$ Thousand),,13698.067,21402.732,32536.668,69444.296,65235.42,85692.32,138306.128,259060.704,572923.755,241076.784,173968.397,195127.188,431711.849,547257.1,560143.694,311275.202,407558.283,168971.038,721582.167,996135.886,506541.064,422700.808,574883.121,517564.384,1016676.116,623203.267,980554.544
United States,Eswatini,Import,  All Products,Import (US$ Thousand),,,,,,,,,,52576.931,64919.162,123085.565,173549.37,209081.449,207283.234,164395.111,154232.118,142082.256,115611.25,126031.778,93000.444,66637.548,58940.474,85515.308,22848.025,17443.952,20813.967,13705.609
United States,Ethiopia(excludes Eritrea),Import,  All Products,Import (US$ Thousand),,,23699.012,36277.464,34338.916,36013.284,72304.2,54446.104,32039.076,28659.924,29052.105,28353.545,33637.991,45421.436,66657.555,85442.732,93335.371,158942.947,119458.373,134563.009,149423.224,183126.469,193566.884,214043.865,319045.615,247087.098,302812.173,458397.158
United States,Ethiopia(includes Eritrea),Import,  All Products,Import (US$ Thousand),15400.61,8854.57,,,,,,,,,,,,,,,,,,,,,,,,,,
United States,Faeroe Islands,Import,  All Products,Import (US$ Thousand),32706.226,24079.986,9487.683,10064.187,8771.192,8756.142,15107.651,11794.842,23611.376,31420.346,13261.285,16658.132,18466.207,7446.157,4720.159,4618.484,9465.508,22150.794,85051.729,92897.607,135552.602,72626.589,126272.024,191169.178,136918.212,173851.347,153221.692,139986.316
United States,Falkland Island,Import,  All Products,Import (US$ Thousand),517.554,219.048,50.768,273.687,458.047,506.533,590.773,181.407,1635.317,3120.84,6858.628,6230.589,5191.269,6760.627,9426.95,12420.695,4911.718,7391.06,8598.992,5531.186,6987.682,11210.967,13623.943,19920.017,14384.631,19912.987,11825.802,13172.826
United States,Fiji,Import,  All Products,Import (US$ Thousand),48494.656,81458.072,74979.888,103497.848,85721.576,83904.144,94599.376,112272.816,112608.264,146835.482,182346.038,170430.32,185602.712,227426.019,187579.856,172444.82,190531.165,196534.056,167507.043,208294.418,160166.754,188537.782,173900.725,219110.914,244481.529,246828.728,273651.721,276207.995
United States,Finland,Import,  All Products,Import (US$ Thousand),1168092.16,1265864.32,1720468.864,1928019.328,2391221.248,2464205.312,2527921.408,2746753.792,3043026.432,3250760.508,3393758.778,3609949.397,3782906.879,4087247.92,4537264.431,5176107.849,5500865.507,6142785.607,4134392.023,4046473.59,4611766.741,5109483.449,4668123.535,5226663.235,4675357.388,4747728.858,6062686.319,7358350.507
United States,Fm Sudan,Import,  All Products,Import (US$ Thousand),16366.592,11470.239,12348.713,36634.732,23501.224,19635.348,12931.32,3350.295,62.809,1808.412,3385.389,1458.157,3060.807,3839.308,14082.229,6501.203,8071.959,5403.926,10732.365,8800.875,11076.603,,,,,,,
United States,Fr. So. Ant. Tr,Import,  All Products,Import (US$ Thousand),178.001,85.977,11.372,,431.071,513.498,,1100.794,,52.2,190.941,6.844,69.208,91.608,52.238,98.517,572.213,529.587,147.264,22.851,44.591,28.659,186.269,524.894,14.889,78.153,141.132,26.578
United States,France,Import,  All Products,Import (US$ Thousand),13768015.87,15260816.38,15689814.02,17315964.93,17768144.9,19202768.9,21345394.69,24736794.62,26548740.1,29833154.47,30431140.45,28858103.03,29893781.74,32409880.34,34765548.7,38082574.46,42492266.04,44886713.69,34582355.37,38982183.97,40804610.65,41793162.27,45808592.44,47750027.42,48864400.4,47766560.29,50049674.52,53621601.77
United States,French Guiana,Import,  All Products,Import (US$ Thousand),565.193,3252.587,2833.438,3260.465,5799.565,,,,,,,,,,,,,,,,,,,,,,,
United States,French Polynesia,Import,  All Products,Import (US$ Thousand),13097.489,11059.282,8589.64,14603.34,14263.483,17424.888,36410.58,34380.72,43278.248,43947.397,47972.57,45627.307,49127.497,68426.382,61485.975,59136.773,63515.106,73372.094,30569.813,54532.312,55911.415,59411.496,36414.497,43913.39,47083.721,36752.598,52093.133,40226.392
United States,Gabon,Import,  All Products,Import (US$ Thousand),766536.576,983524.032,1008651.648,1237783.808,1557556.608,2067014.528,2348077.312,1381740.16,1619066.368,2196510.07,1659720.838,1660731.364,2074570.978,2619922.833,2955115.583,1416433.382,2243344.876,2372198.048,1283322.123,2276496.539,4659044.777,1885875.183,1112280.961,832821.125,353020.064,114328.271,208989.678,299072.276
United States,"Gambia, The",Import,  All Products,Import (US$ Thousand),2180.425,1195.198,9411.43,2413.774,2301.161,1951.48,2989.26,2121.357,214.645,375.804,498.438,382.307,162.655,542.685,450.675,304.644,162.087,663.856,1375.83,4001.962,86.582,351.843,1686.367,338.515,956.631,1020.975,1008.052,601.75
United States,Georgia,Import,  All Products,Import (US$ Thousand),,8479.654,22369.672,1366.543,11580.863,7900.531,7422.336,15242.812,19162.728,31906.247,30727.575,18823.671,60091.29,83968.02,205977.357,117665.061,200445.682,243824.037,71616.742,205912.223,185189.88,226106.387,174956.473,407572.914,188466.241,98206.678,136503.263,198595.888
United States,Germany,Import,  All Products,Import (US$ Thousand),26887348.22,29594941.44,29461102.59,32688435.2,38041608.19,39989231.62,44191158.27,51281903.62,56605937.66,58511297.81,59075091.6,63905160.74,69681503.17,79143125.1,86873024.14,91215229.47,96631595.72,99758479.28,72632756.09,84129523.27,100675925.2,109216636.1,114338453.1,125532374.7,127170567.4,116259433.2,119962970.8,128345618.5
United States,Ghana,Import,  All Products,Import (US$ Thousand),161133.984,102490.72,218429.184,205576.496,202764.688,178652.208,159506.784,153574.224,219814.048,204512.503,186908.978,128540.323,93396.792,159877.825,173469.041,209671.744,212118.691,241255.151,144379.012,282948.708,801198.114,291433.2,365840.155,285497.145,325924.259,335384.845,781156.734,613247.304
United States,Gibraltar,Import,  All Products,Import (US$ Thousand),771.11,6813.864,3011.714,1484.8,2626.557,2786.619,1669.219,5256.272,8959.867,912.886,2327.412,933.483,2887.924,1526.155,4739.45,930.711,3311.258,1425.327,927.01,688.844,1152.281,581.807,230.263,235.294,1832.199,361.935,645.379,479.496
United States,Greece,Import,  All Products,Import (US$ Thousand),464078.048,394690.624,373538.304,494247.008,437435.264,535621.856,497185.76,514686.976,618795.584,589653.694,504712.747,601016.396,669634.058,810310.935,1004238.516,1069744.24,1296831.758,1090360.77,887633.995,844930.542,911189.864,986916.792,954196.342,1107544.443,1445905.212,1319660.782,1355349.942,1722823.455
United States,Greenland,Import,  All Products,Import (US$ Thousand),3859.62,12031.646,13746.203,9986.285,7671.902,6536.083,8386.247,7657.196,13695.508,15731.824,28752.636,23491.497,14285.076,15166.028,17836.797,11426.26,10216.095,6278.821,7862.494,8537.845,7641.624,6753.866,9440.17,5577.717,3851.057,6009.805,13335.178,16534.472
United States,Grenada,Import,  All Products,Import (US$ Thousand),8522.156,7998.823,8764.383,8032.248,5911.178,4110.488,6940.235,12573.611,20364.784,27072.435,24116.782,7285.814,8099.124,5484.19,6188.02,4909.644,8782.178,7824.562,6180.235,8322.218,7261.453,8389.248,9477.049,10649.223,10121.429,13859.252,13751.185,16868.503
United States,Guadeloupe,Import,  All Products,Import (US$ Thousand),1797.852,1272.565,5025.048,2016.348,1280.989,,,,,,,,,,,,,,,,,,,,,,,
United States,Guatemala,Import,  All Products,Import (US$ Thousand),983882.24,1182113.408,1301088.256,1386141.056,1632327.04,1785536.128,2104841.472,2212419.072,2407007.744,2607380.048,2588621.373,2972228.732,3152957.742,3359118.61,3345534.501,3326366.383,3269435.024,3722061.401,3379081.147,3747797.497,4977593.426,4491426.314,4171490.976,4536272.024,4436687.637,4278973.075,4395350.992,4566184.893
United States,Guinea,Import,  All Products,Import (US$ Thousand),166774.48,125142.88,147931.792,119198.24,124571.448,143070.176,129017.056,142167.264,144247.472,88378.356,87820.522,84734.135,87203.042,79620.385,89697.445,115372.481,138970.192,139582.674,94695.194,113514.47,121792.68,103058.967,98965.928,120480.151,108261.286,11424.824,23469.829,6891.541
United States,Guinea-Bissau,Import,  All Products,Import (US$ Thousand),87.21,10.123,211.276,,39.563,52.198,117.2,181.508,77.207,535.034,18.933,38.708,2114.378,28051.781,126.269,492.187,41.462,168.959,43.855,887.216,272.178,80.618,3221.196,58.382,52.382,176.793,21.926,197.887
United States,Guyana,Import,  All Products,Import (US$ Thousand),100093.696,122992.368,109401.656,118654.184,129374.6,129228.208,130543.232,155200.992,147399.616,139888.791,140343.501,133946.222,136507.724,137605.039,132822.01,140766.947,146432.469,169966.505,178927.059,307407.875,432087.858,522973.55,466372.129,518576.8,439739.66,439771.254,321730.371,261330.719
United States,Haiti,Import,  All Products,Import (US$ Thousand),296835.776,110670.056,161838.144,62336.064,137827.904,151322.96,197138.352,281443.36,310933.856,296922.219,263108.047,263584.189,341465.937,380474.98,458660.738,508550.885,500219.072,464421.562,565998.609,564956.802,760196.206,774736.792,847053.529,927370.054,971973.984,917725.672,939130.324,1012834.456
United States,Heard Island and McDonald Isla,Import,  All Products,Import (US$ Thousand),,,,,,,,,,152.917,3.745,,88.672,425.583,16.833,44.105,25.141,12.715,,4.369,3.928,38.993,0.125,37.546,6.809,18.874,325.06,99.074
United States,Holy See,Import,  All Products,Import (US$ Thousand),,,,,,,,,,2100.512,133.66,1755.835,622.601,354.757,298.249,1529.48,159.98,307.391,189.544,2093.535,541.6,264.511,236.591,851.538,1266.677,701.875,1127.551,903.584
United States,Honduras,Import,  All Products,Import (US$ Thousand),617290.88,850931.2,984938.88,1174939.776,1541721.728,1899838.208,2438746.624,2661853.44,2805540.352,3090227.026,3126486.476,3393596.85,3455035.055,3803148.193,3918939.085,3893030.145,4101324.331,4233721.764,3489642.169,4103872.666,4692888.122,4647809.134,4542907.996,4857913.957,5007180.102,4869033.564,4813710.89,4932374.618
United States,"Hong Kong, China",Import,  All Products,Import (US$ Thousand),9730471.936,10265143.3,10000123.9,10141435.9,10744717.31,10261976.06,10675149.82,10934988.8,10998875.14,11448443.12,9646217.666,9772030.46,9285508.726,9781788.4,9296418.288,8281929.474,7320064.057,6706328.751,3682878.118,4431657.055,4524491.09,5446250.345,5686409.839,5995090.586,6934425.817,7546850.19,7525028.829,6430502.384
United States,Hungary,Import,  All Products,Import (US$ Thousand),395357.088,372237.472,426259.2,502546.304,578083.392,701831.552,1108212.096,1610540.032,1932759.552,2715217.756,2964632.688,2691052.4,2761373.552,2643145.012,2632314.134,2645456.633,2868799.131,3191820.462,2267476.255,2545326.679,3013471.255,3201270.937,3767807.047,5369827.915,5808361.882,5435180.503,5170426.867,5180848.849
United States,Iceland,Import,  All Products,Import (US$ Thousand),220444.704,174437.696,244050.144,264543.76,248095.952,252776.128,245524.24,283740.256,320575.488,259791.211,232504.204,310974.374,296181.497,290127.77,281471.674,262167.544,217075.375,252395.617,189784.431,211317.26,226694.735,283735.298,291301.637,320054.756,338194.239,395909.751,439458.552,460129.401
United States,India,Import,  All Products,Import (US$ Thousand),3423751.936,4065566.208,4882969.6,5663202.816,6090541.056,6528517.632,7711805.44,8658535.424,9589901.312,10686244.18,9737138.347,12449857.75,13754749.62,16447125.73,19873206.15,22992712.58,25113348.87,26931322.41,22042749.85,30708298.25,37455488.62,40512299.96,41808416.86,46985468.07,46677949.83,47731926.32,50519287.59,56443791.82
United States,Indonesia,Import,  All Products,Import (US$ Thousand),3569502.208,4914127.36,5886844.928,7020211.712,7954808.832,8742575.104,9736639.488,9973027.84,10272196.61,10367026.73,10103643.36,10385004.99,10265909.85,11679974.8,12944569.49,14342140.33,15208274.85,16712682.9,13650990.75,17394392.67,19991262.98,18002185.53,18873682.6,20314195.36,20655128.73,20126720.29,21148470.02,21831954.48
United States,"Iran, Islamic Rep.",Import,  All Products,Import (US$ Thousand),260385.856,798.696,187.322,900.312,191.811,6.425,145.389,27.208,2402.244,168771.054,143384.832,162587.03,166976.642,156349.538,179380.856,162017.15,178221.861,105529.496,68665.634,97163.843,1037.061,2113.55,2208.518,,11842.945,90051.429,64627.819,72717.09
United States,Iraq,Import,  All Products,Import (US$ Thousand),6461.162,,,,,,317085.344,1360678.272,4516136.96,6065850.854,5820309.675,3752090.284,4924364.395,9203443.091,9673665.461,12230833.17,11893852.21,23071752.29,9719248.553,12624747.62,17368920.17,19265352.92,13305738.48,14158797.67,4568488.842,6319320.868,11159118.94,12125500.69
United States,Ireland,Import,  All Products,Import (US$ Thousand),1994040.192,2314971.392,2574372.864,2952684.288,4149447.68,4870383.616,5958776.32,8479083.52,11092009.98,16463576.62,18499248.74,22534882.26,25865047.59,27574777.16,28882086.58,28777532.24,30491013.65,31709337.8,28187870.79,33974844.24,39506389.33,33372369.91,31496269.89,34097159.51,39492818.09,45721162.23,49089452.16,57679282.03
United States,Israel,Import,  All Products,Import (US$ Thousand),3571211.264,3902525.44,4526863.36,5336557.568,5840407.552,6545801.216,7459251.2,8785376.256,10033235.97,12964244.41,11958913.66,12617222.87,13007505.33,14814514.26,17083528.59,19399135.71,21077524.11,22626636.13,18961438.2,21231629.54,23269736.98,22130140.62,22782246.63,23421561.31,24906246.11,22631629.19,22368441.48,22178568.62
United States,Italy,Import,  All Products,Import (US$ Thousand),12316427.26,12843205.63,13829270.53,15442019.33,17304711.17,19000967.17,20182278.14,21913511.94,23344674.82,25041357.36,23789648.87,25345444.96,26630248.05,29414531.7,32417743.29,34100163.15,36466828.76,37492843.24,27275830.87,29472303.58,35087489.08,36963690.75,38704115.51,43352379.24,45424138.45,46607024.61,51322939.61,56256198.05
United States,Jamaica,Import,  All Products,Import (US$ Thousand),617755.264,644289.792,766384.064,789935.104,894660.48,889575.872,779384.512,798208.96,724323.136,648184.408,460558.983,426216.84,452065.403,342354.218,408998.823,561401.279,788756.119,783735.851,500947.296,364478.105,620633.021,507117.482,414427.399,312519.745,328707.473,324093,349970.255,393105.995
United States,Japan,Import,  All Products,Import (US$ Thousand),95713132.54,100217438.2,110417682.4,122468040.7,127195332.6,117962858.5,124265668.6,125089620,134871220.2,146479386.8,126473307.1,124566140.8,121238585.4,133551796.8,141861457.4,152244039.8,149423010.1,143351759.2,98401031.29,123762732.6,132558803.2,146431641.3,138574359.6,137503838,135023800,135071040.3,139733004.2,145902252.5
United States,Jordan,Import,  All Products,Import (US$ Thousand),6578.038,18556.394,20109.64,31349.956,30721.692,26317.196,26009.624,17102.94,31628.158,73258.841,229073.317,437672.834,704788.583,1145326.852,1319916.997,1488674.696,1388218.403,1183992.357,954306.462,1007774.475,1090566.322,1155531.816,1197255.973,1432620.694,1525952.732,1592460.969,1728198.416,1856790.417
United States,Kazakhstan,Import,  All Products,Import (US$ Thousand),,23816.32,40740.284,65594.316,130562.84,119866.632,118949.384,177746.08,239668.576,429028.739,351825.45,348126.015,409522.22,568557.257,1164340.081,998447.049,1290188.75,1650994.406,1598221.142,1934959.56,1714209.2,1564968.259,1421402.621,1459478.472,850869.106,766837.465,829412.549,1434175.129
United States,Kenya,Import,  All Products,Import (US$ Thousand),73452.608,77984.016,100429.992,116260.4,108188.096,112487.672,119856.736,105023.056,111912.152,110120.004,128333.003,201868.251,266530.442,374271.208,368145.668,374700.601,342450.108,360293.147,292757.383,325074.18,397008.879,389495.963,452257.03,609179.303,594306.153,570507.408,587918.626,660064.621
United States,Kiribati,Import,  All Products,Import (US$ Thousand),656.029,619.432,1765.049,1122.205,1370.966,1481.51,1947.904,1306.572,1613.215,1186.207,1047.061,1274.96,1985.59,1669.929,1296.492,1544.317,1478.436,1165.38,1372.905,1222.445,772.871,596.252,1020.432,3093.713,3070.275,3873.92,4241.949,3454.353
United States,"Korea, Dem. Rep.",Import,  All Products,Import (US$ Thousand),10.672,,,,,,,,29.233,153.585,26.197,77.656,,1500.879,3.289,,,,,8.763,,,,,,,,
United States,"Korea, Rep.",Import,  All Products,Import (US$ Thousand),17735569.41,17362350.08,17778970.62,20374345.73,24890533.89,23297376.26,23797587.97,24804796.42,32474501.12,40307624,35181330.74,36906552.55,38616671.95,47819861.66,45524514.52,47636132.26,49319146.3,49823393.85,40543872.27,50607875.66,58605754.44,58898733.17,62432155.22,71745454.19,74045677.88,71887628.1,73419858.19,76200587.12
United States,Kuwait,Import,  All Products,Import (US$ Thousand),38830.808,309893.92,2003395.456,1597606.528,1468836.352,1782120.448,1998018.56,1470720.256,1578206.464,2781246.585,1990700.597,2052090.246,2478059.946,3473083.035,4613932.795,4182202.872,4313114.987,7400148.716,3969193.947,5586993.572,8010061.011,13020902.29,12636911.19,11728606.8,4882913.765,3482834.767,3023076.888,2126233.046
United States,Kyrgyz Republic,Import,  All Products,Import (US$ Thousand),,730.538,2114.239,7952.11,8535.931,5142.225,2496.311,295.919,588.591,1948.369,3330.551,5480.187,11698.631,11440.513,5287.335,4569.096,1916.58,2663.013,6228.871,4059.611,2765.203,9250.595,3524.577,2472.859,15995.069,3455.588,6757.225,7742.651
United States,Lao PDR,Import,  All Products,Import (US$ Thousand),2078.966,6332.578,9118.292,9498.767,10995.366,17502.458,15112.763,22057.724,13311.205,9681.657,3863.898,2737.653,4458.619,3632.47,4480.524,9364.6,21140.442,44380.05,45804.995,61865.924,60369.962,25043.011,30513.983,34614.865,47684.162,57483.287,98786.749,146389.745
United States,Latvia,Import,  All Products,Import (US$ Thousand),,11052.192,26375.568,57387.048,95816.848,106571.904,162699.936,125934.88,241597.088,287726.297,144483,209809.143,402143.007,393753.808,386166.396,316645.799,354748.64,242113.62,151863.228,205856.497,374815.397,246245.171,272668.88,286506.172,317724.024,350258.342,467945.438,745182.16
United States,Lebanon,Import,  All Products,Import (US$ Thousand),28303.686,28487.236,27851.552,26366.624,36355.344,43022.848,80186.392,84632.16,53566.412,76756.794,89538.666,66021.959,96044.751,78099.278,91252.767,92733.285,110106.382,102171.373,79335.322,87770.742,82917.895,81186.79,91677.058,75856.026,96389.172,110837.705,131409.666,111868.762
United States,Lesotho,Import,  All Products,Import (US$ Thousand),,,,,,,,,,140325.504,215282.123,343112.614,419485.472,492916.794,421162.558,428555.478,461830.937,393199.228,315889.223,311795.845,394700.104,310571.285,351402.897,372885.118,344158.896,319724.951,316749.706,430260.962
United States,Liberia,Import,  All Products,Import (US$ Thousand),10291.546,13334.128,3188.564,3659.375,8688.344,26601.014,5104.849,26631.54,32582.538,45416.869,42558.194,47565.578,62020.299,89327.532,97128.84,144436.479,118431.626,147594.515,84722.024,184387.544,161518.682,143977.124,96490.694,87367.335,47175.347,67801.673,95418.755,65346.008
United States,Libya,Import,  All Products,Import (US$ Thousand),,,,,,,,,,,,,,350473.654,1686112.858,2629364.881,3540204.282,4349963.119,1981281.659,2186739.543,666411.212,2493042.856,2558215.497,231534.712,167148.641,245277.491,1435039.4,1447572.243
United States,Lithuania,Import,  All Products,Import (US$ Thousand),,5471.059,18368.24,17472.212,29346.364,37093.132,89769.024,87932.112,104966.112,134960.838,164221.364,320268.7,377540.574,526059.38,684719.063,611151.251,495967.455,795659.618,619556.909,665087.07,1093273.328,1176197.244,1554352.566,1137632.301,1114446.726,1243337.285,1563951.306,1318459.744
United States,Luxembourg,Import,  All Products,Import (US$ Thousand),,,,,,,,,330939.424,331635.637,305579.042,318122.844,280826.049,308722.82,409867.673,558498.765,553061.002,558346.162,456084.348,473419.13,513178.36,553224.144,641150.152,785117.806,662800.826,520317.591,515575.174,573512.761
United States,Macao,Import,  All Products,Import (US$ Thousand),613366.336,758036.992,702891.008,832089.856,940579.52,896986.048,1063841.536,1152046.72,1180777.088,1266316.849,1225130.166,1307529.055,1430304.184,1573881.187,1319918.382,1289591.693,1143643.499,957208.918,246097.383,147328.594,117636.811,94934.494,94596.746,76569.008,124123.841,121638.905,98094.903,104450.691
United States,Madagascar,Import,  All Products,Import (US$ Thousand),48590.524,56043.956,44529.128,59672.924,60216.248,48151.896,66132.888,75523.152,85325.968,157765.804,271604.413,225532.715,401215.635,494352.555,342056.33,298163.055,357605.492,342198.032,266512.77,113208.894,90800.533,109876.814,179763.551,219674.324,324927.789,453969.223,753425.312,906518.496
United States,Malawi,Import,  All Products,Import (US$ Thousand),77781.936,63955.872,66449.092,62674.3,43629.024,78183.088,87951.44,64627.336,75731.272,55445.972,77925.269,77131.725,82075.964,65166.109,123429.594,63909.473,63505.715,69012.99,69532.125,76006.64,68483.942,65958.496,73103.263,70001.624,63966.463,77569.454,64160.605,58511.592
United States,Malaysia,Import,  All Products,Import (US$ Thousand),6346147.84,8594718.72,10922500.1,14418620.42,17980829.7,18330707.97,18522832.9,19518773.25,22089715.71,25568195.47,22340349.57,24732452.68,26193456.32,29043802.23,34657973.42,37521096.73,33701169.23,31571136.54,23888396.48,26624530.33,26490291.93,25934755.36,27289247,31113046.03,34719023.25,37309226.83,38100394.32,40131426.69
United States,Maldives,Import,  All Products,Import (US$ Thousand),23963.756,30206.456,25580.044,13535.789,12958.436,12563.387,21165.384,36595.636,57971.884,94119.974,97699.256,121453.568,97951.332,86520.888,5758.191,2363.039,3599.79,3999.157,3069.071,1810.501,3642.106,17616.884,20313.347,34213.671,34681.793,32432.391,34639.095,36463.303
United States,Mali,Import,  All Products,Import (US$ Thousand),1848.279,1683.538,1423.456,4323.437,5963.568,5751.361,4078.313,3709.342,9352.81,9827.619,6067.296,2745.786,2645.009,3869.887,3783.024,8105.787,9928.88,5269.159,3820.033,6397.679,4181.706,3643.75,3680.149,4878.149,4676.902,4484.13,3066.61,4918.681
United States,Malta,Import,  All Products,Import (US$ Thousand),66707.144,92106.728,105671.144,97088.128,134506.944,211583.344,226638.544,346509.44,326647.872,482402.122,368926.676,314297.765,378493.439,390179.777,288313.008,380092.038,335437.244,284029.589,223325.564,269556.165,253439.526,255004.291,212093.419,177279.264,245513.225,1298787.099,165888.585,200802.615
United States,Marshall Islands,Import,  All Products,Import (US$ Thousand),,8368.656,12167.263,8920.812,14133.561,5260.123,18908.704,6229.449,10124.586,5047.41,5534.65,10326.196,27856.735,13790.196,19963.097,16593.043,13618.738,22810.369,17351.25,15150.55,17883.007,18944.809,16965.963,17776.406,32281.701,42216.459,37527.697,23432.782
United States,Martinique,Import,  All Products,Import (US$ Thousand),885.097,1343.374,1199.864,3592.99,2138.819,,,,,,,,,,,,,,,,,,,,,,,
United States,Mauritania,Import,  All Products,Import (US$ Thousand),12787.388,9600.851,7228.976,4293.986,7344.03,6945.636,250.101,429.12,795.683,354.181,293.539,967.747,938.145,7547.545,852.395,53744.282,747.096,48460.111,36667.328,54899.635,1010.333,694.097,130690.363,102333.218,1200.677,52364.171,63404.25,13883.054
United States,Mauritius,Import,  All Products,Import (US$ Thousand),143075.28,146753.52,210670.288,233852.672,243081.056,229894.176,253965.808,289131.52,274799.232,285914.652,277940.196,301373.64,315933.486,284912.395,233432.516,229503.178,196451.665,183815.683,177418.026,206255.381,261909.27,260205.159,338728.474,411334.454,405488.155,346623.199,295686.191,330027.044
United States,Mayotte,Import,  All Products,Import (US$ Thousand),,,,,,,,,,,3.614,2.682,,,,16.459,312.151,16.909,52.814,64.986,19.997,23.726,16.629,,,,,
United States,Mexico,Import,  All Products,Import (US$ Thousand),31771512.83,35865038.85,40720666.62,50333540.35,62745624.58,74108149.76,87119790.08,96074620.93,111067217.9,135923120.6,131334695.1,136025055.7,139686658.1,157881923.6,172388577.2,200499681.9,212878005.2,218066232.8,178321648.4,232251414.7,265113824.4,277586310.4,280539036.3,296855758.7,299181820.3,296199943.7,315733533.7,349195245.1
United States,"Micronesia, Fed. Sts.",Import,  All Products,Import (US$ Thousand),,13999.407,15017.09,14200.98,13880.589,12194.476,12955.83,13533.25,10829.851,13728.895,20769.057,16263.385,15455.83,12214.772,1651.443,1244.801,5617.654,5308.853,5879.939,6204.935,2236.067,903.581,1786.725,427.961,761.811,582.535,963.148,923.143
United States,Moldova,Import,  All Products,Import (US$ Thousand),,357.938,461.776,3234.855,27757.436,32044.93,55265.256,120099.904,98486.688,105372.281,68333.484,41741.434,45616.852,53199.906,53664.482,39228.633,24783.624,13200.586,8837.797,13312.819,17353.09,25344.634,35264.959,37474.893,46719.422,40026.185,42691.762,58853.762
United States,Mongolia,Import,  All Products,Import (US$ Thousand),1204.31,7255.096,35857.464,29459.412,25212.048,33297.832,44536.256,44589.04,66697.712,116572.468,143790.298,171793.344,194558.201,252677.946,152710.3,120990.398,87892.91,55506.738,15977.41,12778.793,11219.023,42104.073,19652.37,15952.484,18176.827,11523.959,9658.029,10654.628
United States,Montenegro,Import,  All Products,Import (US$ Thousand),,,,,,,,,,,,,,,,,5574.015,493.768,16851.303,4143.689,4490.681,3665.724,1696.887,2777.506,2171.375,2037.383,2642.348,4686.926
United States,Montserrat,Import,  All Products,Import (US$ Thousand),2194.266,2498.191,1504.755,1025.64,2150.273,4768.377,5131.256,240.289,340.681,166.801,291.878,438.602,1352.008,477.362,969.051,799.571,569.244,242.538,981.067,532.032,620.661,1809.196,2673.698,694.174,2290.502,731.986,1026.321,1506.473
United States,Morocco,Import,  All Products,Import (US$ Thousand),165096.992,194789.264,201098.176,210633.36,255517.792,271583.808,316466.208,367116.576,419683.936,440772.118,434573.247,424854.538,415196.965,553069.048,477528.052,559153.502,663895.532,950940.73,519973.551,752279.511,1065605.739,932130.007,976096.375,1054926.262,1065227.212,1059611.246,1291499.144,1616098.288
United States,Mozambique,Import,  All Products,Import (US$ Thousand),24329.042,20835.132,9255.753,16763.743,30982.806,28544.854,32409.694,27471.4,10779.971,24393.989,7060.058,9239.855,9293.422,11202.263,13168.485,17772.11,5663.36,17765.194,39691.044,66284.786,36312.173,38531.78,76072.912,101017.542,97771.1,108927.841,148657.022,114832.891
United States,Myanmar,Import,  All Products,Import (US$ Thousand),29206.196,41512.888,49967.016,72559.736,86706.816,116085.824,123197.56,174804.784,250718.96,470650.462,469888.123,380060.833,295276.218,,81.798,9.523,,,91.071,,,38,29909.357,95902.935,150131.676,253288.451,379433.49,511350.881
United States,Namibia,Import,  All Products,Import (US$ Thousand),,,,,,,,,,44997.978,37309.244,58840.982,127829.947,250679.932,133262.662,118843.376,222877.963,302287.266,329286.335,195623.763,439765.89,231111.858,262312.815,256971.349,85802.378,92286.761,120227.053,120040.205
United States,Nauru,Import,  All Products,Import (US$ Thousand),805.332,382.876,172.224,76.18,16.277,348.857,110.618,104.359,200.479,1444.404,90.472,656.783,307.584,128.852,157.614,286.753,605.236,791.736,128.206,226.119,335.196,473.434,600.011,585.586,537.146,1098.337,1578.637,2944.959
United States,Nepal,Import,  All Products,Import (US$ Thousand),66664.496,88961.336,110201.48,136982.064,108725.616,130448.544,126255.104,153821.504,194534.352,229378.076,200387.963,165662.283,186279.602,156045.078,120496.991,108152.875,97499.264,92301.687,59945.221,66162.44,83865.229,83519.705,77758.435,92280.941,92422.466,94409.495,97685.219,105147.707
United States,Netherlands,Import,  All Products,Import (US$ Thousand),5050634.24,5531926.528,5722774.016,6358427.136,6768942.592,7011811.328,7683047.424,8008621.568,8876730.368,9670171.604,9514796.26,10290956.29,11416919.2,13015397.44,15503289.09,18068285.31,19133966.2,21813287.95,16573999.2,20642808.24,24949969.11,22257723.14,19232075.71,21580662.87,17644076.09,16676762.85,18463323.87,25276774.62
United States,Netherlands Antilles,Import,  All Products,Import (US$ Thousand),697594.24,686353.92,424446.272,455537.28,310336.8,695967.296,610947.968,327160.288,407888.896,718734.168,484548.031,381668.341,657366.697,455360.704,968337.783,1163706.226,810093.797,830279.545,486983.778,,,,,,,,,
United States,New Caledonia,Import,  All Products,Import (US$ Thousand),21661.492,16378.891,26158.7,24676.968,44694.5,68499.672,66491.664,20748.164,9540.636,31399.902,14572.872,9856.362,12889.649,20408.302,28045.064,51772.381,80380.066,51361.328,27884.742,72325.741,93131.244,57574.834,69561.109,86740.107,48952.875,44807.064,68685.604,57201.003
United States,New Zealand,Import,  All Products,Import (US$ Thousand),1321837.824,1334848.64,1325564.416,1544885.76,1595958.144,1608285.952,1734235.008,1802488.064,1916804.352,2080136.036,2199180.249,2469488.107,2600715.643,3178109.03,3368297.471,3325598.594,3316218.947,3352228.509,2721200.255,2936739.394,3352480.577,3436283.965,3485994.152,4158630.556,4481055.935,4215797.241,4334671.787,4363883.424
United States,Nicaragua,Import,  All Products,Import (US$ Thousand),65652.016,75399.112,135937.696,178978.208,251583.376,367769.472,459369.472,471503.2,511071.072,588453.386,603625.122,707264.355,801544.894,1030149.558,1226213.603,1580279.627,1663217.457,1768769.739,1672653.645,2095890.907,2682664.652,2748023.28,2806158.416,3182649.64,3288874.405,3378832.901,3343506.736,3683866.159
United States,Niger,Import,  All Products,Import (US$ Thousand),5294.649,2922.917,6141.791,2542.323,1683.561,760.761,41841.88,1803.861,12796.112,7027.192,4638.902,946.803,4106.694,28012.43,66417.388,125180.293,9685.515,44905.338,107562.733,27025.654,293291.688,81719.779,2331.191,4673.452,4243.633,6324.328,7337.207,29547.969
United States,Nigeria,Import,  All Products,Import (US$ Thousand),5488157.696,5299494.4,5609206.272,4705880.576,5055017.984,6171326.976,6704461.824,4548370.432,4631925.76,10537620.48,8774837.744,6200303.879,10948502.01,17114198.91,25161410.44,28959183.99,33740485.96,39217292.44,19737385.89,31357508.33,34465731.5,19014224.37,11723857.82,3935444.712,2003774.599,4372278.055,7318431.532,5766545.651
United States,Niue,Import,  All Products,Import (US$ Thousand),23.514,47.566,123.774,,84.044,347.831,98.834,89.915,65.121,25.257,31.321,15.126,121.963,201.874,143.961,75.765,540.254,78.358,22.47,34.195,53.969,150.352,181.778,206.178,281.866,969.401,233.317,367.419
United States,Norfolk Island,Import,  All Products,Import (US$ Thousand),107.412,81.401,239.296,65.604,78608.656,801.19,62.748,96.715,394.535,632.798,449.285,100.072,1594.645,2905.287,191.155,153.791,425.882,36.611,545.794,10.5,272.886,50.581,9.79,17.539,1227.275,278.395,290.992,742.078
United States,North Macedonia,Import,  All Products,Import (US$ Thousand),,,117220.176,88008.584,93576.256,131307.128,154721.36,184218.432,142248.864,151759.239,111639.013,77459.117,64522.382,82860.623,50553.377,44860.108,76758.877,80220.258,46334.297,38850.206,54897.978,86760.394,62030.01,171145.25,207676.973,234873.737,260530.613,360926.977
United States,Norway,Import,  All Products,Import (US$ Thousand),1706539.264,2062892.032,2035869.312,2499253.248,3251090.176,4057952.512,3924619.52,3038121.728,4240478.464,5706039.929,5202755.071,6088259.225,5490059.989,6832975.758,7079302.529,7380261.486,7589707.16,7603973.593,5889632.667,7195094.085,8551726.953,6566014.298,5510592.901,5571376.872,4997875.025,4655309.324,5316926.117,7093931.495
United States,Occ.Pal.Terr,Import,  All Products,Import (US$ Thousand),,,,,,,,,,4819.513,6172.32,9072.234,1544.268,1065.4,3391.87,4336.37,3866.611,5160.128,7380.833,7328.274,8672.74,5095.927,5304.512,5029.042,5813.601,6916.245,6813.219,5468.184
United States,Oman,Import,  All Products,Import (US$ Thousand),131328.976,207302.736,304953.632,496996.16,320661.632,447350.368,260778.896,230342.672,230496.336,257462.167,420096.018,422591.81,748275.776,449420.833,595322.619,960307.103,1087283.294,896004.031,966515.038,810175.386,2288065.235,1354422.658,1022605.574,1040158.489,973129.073,1193351.422,1125437.732,1343163.709
United States,"Other Asia, nes",Import,  All Products,Import (US$ Thousand),24215496.7,25805918.21,26300405.76,27942017.02,30157559.81,31022374.91,33718294.53,34343280.64,36761780.22,40502628.77,33374440.08,33467496.62,33017858.84,36217674.07,36374806.29,39796915.18,39852584.27,37747532.55,29349133.09,37159839.38,42728527.89,38860601.15,37939308.49,42014561.16,42455003.18,40594195.56,43908904.05,47261400.46
United States,Pacific Islands,Import,  All Products,Import (US$ Thousand),10518.022,,,,,,,,,,,,,,,,,,,,,,,,,,,
United States,Pakistan,Import,  All Products,Import (US$ Thousand),713008.576,931660.672,966745.472,1084675.328,1278181.12,1348738.816,1525539.2,1788113.536,1871365.12,2166761.514,2249393.12,2482750.715,2733544.263,3090376.864,3492929.408,3964457.454,3830622.13,3828337.59,3361196.923,3727938.941,4025928.17,3627549.917,3688292.311,3869193.279,3909838.802,3617846.998,3762269.975,3896188.972
United States,Palau,Import,  All Products,Import (US$ Thousand),,352.121,1231.862,3164.605,6268.643,9664.977,13759.839,14402.958,16883.944,13562.808,15425.811,16597.824,1836.838,198.953,788.924,992.817,665.579,1147.269,85.617,151.22,217.325,451.316,177.694,595.224,632.68,1320.267,650.892,1433.362
United States,Panama,Import,  All Products,Import (US$ Thousand),288595.968,272563.264,305685.632,354356.288,335433.952,388099.232,405689.952,330411.904,396173.472,307018.4,290668.945,321008.746,318859.055,335290.401,349471.312,404642.884,390974.074,401651.922,321990.552,402619.732,409989.68,538802.831,448745.053,447203.783,425410.884,426609.968,457852.076,437599.896
United States,Papua New Guinea,Import,  All Products,Import (US$ Thousand),37776.12,69473.136,106907.28,117831.28,53858.868,91242.92,69557.304,136441.296,154531.36,34486.139,39296.399,96584.152,70406.145,57428.372,62416.022,88340.211,114659.221,111866.752,107378.62,101337.812,145360.762,118008.125,129093.372,103152.55,93851.895,93909.041,126172.956,92945.865
United States,Paraguay,Import,  All Products,Import (US$ Thousand),46805.74,38293.804,53776.052,84532.024,60051.064,46507.496,44552.992,36232.272,43976.252,40908.27,32619.972,48191.008,60370.159,68534.933,61766.67,68209.304,79943.242,92604.241,63981.267,68839.139,118588.634,196931.657,276963.576,209657.386,173267.828,159048.61,133836.478,138263.415
United States,Peru,Import,  All Products,Import (US$ Thousand),820478.336,780713.344,800031.04,893217.216,1092284.672,1337090.048,1848215.68,2072630.016,2027670.784,1994936.003,1843761.346,2084524.112,2574355.864,3913533.243,5393502.244,6155107.712,5488613.985,6138066.992,4412193.636,5507905.667,6905853.718,6418267.585,8126563.226,6413467.323,5383031.539,6551437.683,7626656.967,8272403.89
United States,Philippines,Import,  All Products,Import (US$ Thousand),3706593.792,4622998.528,5175521.28,6025145.344,7364294.144,8496423.936,10797266.94,12334742.53,12836777.98,13934716.28,11325421.33,11425260.23,10494852.1,9573096.654,9696096.957,10136514.19,9812582.311,9099658.611,7060924.771,8300339.007,9481140.514,9580438.68,9268702.328,10495176.83,10614856.36,10373585.59,11958243.52,12939348.59
United States,Pitcairn,Import,  All Products,Import (US$ Thousand),396.759,48.796,27.739,138.464,27.969,978.942,49.184,313.151,22.405,368.09,202.173,133.353,494.458,708.149,1076.416,109.587,90.669,508.508,29.513,4.083,2.772,4.511,3.439,130.996,12.162,5.748,41.007,18.872
United States,Poland,Import,  All Products,Import (US$ Thousand),386323.008,399448.704,487727.296,703397.376,711094.208,668640.576,744932.928,833557.696,868144.064,1041114.268,952541.674,1179602.38,1417724.424,1944446.55,2076549.638,2376791.612,2350303.134,2723694.154,2143029.918,3105459.758,4530244.769,4621397.08,4885141.983,5340570.837,5848184.79,6142117.679,7338271.502,8288208.825
United States,Portugal,Import,  All Products,Import (US$ Thousand),734990.336,699446.208,830514.624,948780.416,1116627.84,1066751.872,1194043.904,1327289.856,1415800.576,1578508.159,1555374.303,1739223.863,2044758.486,2332877.626,2415187.911,3144623.882,3174914.215,2536178.939,1629320.674,2225064.682,2671205.511,2609547.413,2831102.331,3323709.418,3398019.475,3333835.552,3654251.187,4029867.528
United States,Qatar,Import,  All Products,Import (US$ Thousand),32030.488,75895.992,72330.816,86509.28,98452.04,163195.088,167940.848,237520.928,298887.616,485571.695,502153.88,536102.384,372660.457,429865.081,490560.794,284307.737,518255.087,520336.844,535933.589,489968.813,1239681.602,1011454.913,1300913.475,1779410.121,1385211.387,1188793.804,1236799.382,1619379.456
United States,Reunion,Import,  All Products,Import (US$ Thousand),1210.202,153.251,32.073,951.826,362.557,,,,,,,,,,,,,,,,,,,,,,,
United States,Romania,Import,  All Products,Import (US$ Thousand),77113.488,95010.344,76211.224,211519.76,240708.896,267887.728,428624.576,420189.024,465321.984,472772.973,519854.725,744561.236,785228.801,919610.597,1310161.568,1194012.556,1124729.926,1172750.223,772235.257,1056588.419,1498106.393,1620352.983,1716149.362,2189345.278,2242755.525,2037824.344,2274736.354,2698568.945
United States,Russian Federation,Import,  All Products,Import (US$ Thousand),,709317.696,1844564.864,3432691.968,4269193.984,3744550.4,4523088.384,6008276.48,6016724.992,7658130.131,6264072.874,7207030,9106464.838,12618720.47,16177975.81,20730747.65,20219112.56,27931764.91,18993424.4,26538543.32,35557789.98,29364243.18,27085388.01,24465063.19,17162435.18,15292228.49,17777151.21,21595991.66
United States,Rwanda,Import,  All Products,Import (US$ Thousand),7629.749,5144.27,4185.323,1684.948,1958.477,9151.019,4021.308,4105.243,3825.648,5063.592,7220.871,3338.734,2848.848,5801.133,6699.594,9312.292,13169.054,14275.695,19783.997,22159.385,32159.061,33265.417,24413.898,41723.075,46853.298,26508.066,44346.401,68383.881
United States,Saint Helena,Import,  All Products,Import (US$ Thousand),369.846,304.889,827.624,35.211,42.254,2433.983,1026.597,230.004,257.556,3270.042,3312.587,4162.424,5740.519,4984.163,3352.675,1606.396,5409.402,10371.786,6231.825,7327.651,8578.136,6572.581,7804.252,9166.439,15489.006,15680.722,13556.309,14233.839
United States,Saint Maarten (Dutch part),Import,  All Products,Import (US$ Thousand),,,,,,,,,,,,,,,,,,,,,23954.513,54968.225,60003.951,49884.967,52338.555,92972.187,71413.129,96156.844
United States,Saint Pierre and Miquelon,Import,  All Products,Import (US$ Thousand),6480.45,1858.247,9.438,424.893,3537.023,478.532,2115.058,4998.699,5015.101,6097.056,3446.075,3707.219,2698.341,1468.567,1096.604,1164.466,1589.579,1048.144,798.228,1855.865,210.655,2.878,56.971,5.621,188.251,155.335,290.495,15.552
United States,Samoa,Import,  All Products,Import (US$ Thousand),1237.233,818.507,1323.9,282.01,596.334,1153.493,4498.305,9143.874,7245.378,5497.441,7257.394,7915.804,5420.164,5942.436,8949.311,4984.635,6152.841,5124.856,5238.501,3777.705,3332.344,2389.292,4493.443,5815.769,4678.675,5797.258,5461.027,7464.684
United States,San Marino,Import,  All Products,Import (US$ Thousand),,,,,,,,,,7361.241,2487.269,1402.063,10050.084,1729.568,1452.517,3185.034,1549.951,856.04,707.961,4495.964,5620.069,4883.684,6123.053,7732.337,9983.805,6415.759,5076.284,12142.26
United States,Sao Tome and Principe,Import,  All Products,Import (US$ Thousand),0.962,407.378,612.286,120.725,153.09,463.264,225.675,682.526,2869.503,513.147,307.599,431.964,101.994,91.46,223.453,214.319,417.442,159.129,227.021,330.476,1000.094,553.482,253.002,1011.218,807.989,485.701,932.948,747.283
United States,Saudi Arabia,Import,  All Products,Import (US$ Thousand),12071330.82,11285703.68,8431507.968,8306796.544,8897839.104,9442676.736,10135068.67,7168647.68,8903012.352,14364708.95,13272217.25,13898557.61,19524636.1,22540465.99,28927673.12,33086758.51,37164681.64,57005380.62,23243140.46,32643466.13,48760012.83,55666873.29,51806539.09,48352775.58,23357522.36,18009018.9,19616080.03,24615651.68
United States,Senegal,Import,  All Products,Import (US$ Thousand),11461.332,11475.498,8407.031,12763.526,7348.727,5982.878,7325.629,5647.262,9677.862,4230.914,103802.537,3871.852,4842.054,3274.728,4045.087,22161.887,21244.201,18797.885,7508.474,5486.607,7228.206,16771.627,16981.303,26458.432,74961.401,56374.881,75451.86,132010.594
United States,"Serbia, FR(Serbia/Montenegro)",Import,  All Products,Import (US$ Thousand),,333517.696,1.614,,,8911.756,11214.908,13588.241,4786.196,2218.753,6052.284,10290.951,16006.957,97452.384,59931.128,72148.945,60778.921,74198.505,64573.001,168204.988,138210.326,145806.801,524903.458,285282.464,282414.441,322291.145,307482.456,340853.277
United States,Seychelles,Import,  All Products,Import (US$ Thousand),919.139,1110.16,4558.834,2869.675,2486.991,2887.746,2488.387,2273.841,5241.917,8097.349,23700.765,27381.018,13878.59,6078.867,5998.702,10276.833,10469.171,5460.824,6470.106,6596.466,6410.603,4645.786,5761.388,4229.063,6053.444,6390.37,14140.069,8447.648
United States,Sierra Leone,Import,  All Products,Import (US$ Thousand),51459.964,64635.364,52179.84,54815.708,29340.424,22843.44,18508.392,12400.899,10873.273,3824.157,4597.988,4070.73,6726.672,11215.713,9831.201,43888.611,60221.091,57775.762,28510.111,29636.699,26933.885,17845.303,41548.402,29098.551,40008.061,30622.922,31569.629,57155.2
United States,Singapore,Import,  All Products,Import (US$ Thousand),10196031.49,11560068.1,13049151.49,15656267.78,18897160.19,20648251.39,20368087.04,18653945.86,18543298.56,19177986.35,14999798.57,15103564.43,15467564.23,15658391.21,15379366.04,18068465.96,18692293.12,16161164.31,15856691.05,17695832.49,19367940.32,20231817.38,17842838.5,16651709.41,18520356.63,18061581.09,19619466.27,26879137.28
United States,Slovak Republic,Import,  All Products,Import (US$ Thousand),,,69031.392,140526.4,137306.496,133566,175944.256,176660.08,178869.648,240847.831,237583.439,277205.868,1034271.35,1240041.167,993853.794,1386196.408,1603081.027,1334152.379,641243.962,1097166.836,1437884.198,1779491.79,1763493.888,2140321.425,2337894.024,2559298.758,3085364.223,4209469.254
United States,Slovenia,Import,  All Products,Import (US$ Thousand),,105143.472,243169.824,279737.408,303285.088,304595.232,288788.416,300240.608,288315.456,313271.481,285991.104,321567.212,500951.828,530064.739,431976.744,505802.846,507416.28,486541.833,400534.082,481733.69,563604.96,561619.541,574975.001,721569.977,701885.059,774355.517,784235.804,876735.745
United States,Solomon Islands,Import,  All Products,Import (US$ Thousand),261.488,1299.36,3723.795,1086.457,5107.159,2480.909,1226.666,3597.818,1268.016,478.005,2529.818,876.42,1324.039,3569.478,2251.598,2868.241,1624.955,1636.317,1017.714,1288.553,1576.923,1572.329,8841.794,9790.466,3926.882,2308.374,3622.92,4330.872
United States,Somalia,Import,  All Products,Import (US$ Thousand),2832.821,2489.625,224.032,189.514,109.784,163.179,348.891,627.027,174.991,459.809,270.529,356.111,191.144,709.957,379.856,338.808,186.259,189.921,243.492,78.748,193.681,306.257,371.236,196.46,902.166,1018.143,1008.852,1338.636
United States,South Africa,Import,  All Products,Import (US$ Thousand),1882340.608,1881625.344,1994671.616,2279313.664,2443611.648,2588195.84,2814647.04,3371994.624,3522609.152,4206808.75,4428372.94,4178679.037,4786683.62,6154240.999,6083067.761,7734756.293,9282117.2,10132738.46,5967517.804,8359458.232,9623790.266,8625720.96,8412352.645,8466309.968,7441353.516,6922227.71,7886161.136,8649734.976
United States,South Sudan,Import,  All Products,Import (US$ Thousand),,,,,,,,,,,,,,,,,,,,,,9.869,201.285,72.201,200.076,260.427,291.587,21.08
United States,Soviet Union,Import,  All Products,Import (US$ Thousand),900394.624,,,,,,,,,,,,,,,,,,,,,,,,,,,
United States,Spain,Import,  All Products,Import (US$ Thousand),3029094.144,3185823.488,3204279.808,3809607.424,4160231.936,4563106.816,4910707.712,5111673.856,5406158.848,5713156.315,5197160.784,6118204.437,7109224.664,7805304.094,9125458.867,10401726.73,11074635.34,11572987.25,8190323.367,8905307.066,11461146.08,11766621.42,11667118.15,14901316,14679457.05,13964572.35,16278102.04,17808358.57
United States,Sri Lanka,Import,  All Products,Import (US$ Thousand),653786.368,857550.976,1076695.552,1172788.224,1343018.496,1476841.472,1711179.264,1856374.784,1857721.472,2001865.126,1984162.947,1923540.794,1926448.924,2079814.261,2214934.927,2282288.402,2178473.449,2070387.825,1667517.992,1832262.327,2182609.273,2257259.152,2451358.887,2800450.856,3029511.555,2905625.304,2978662.859,2799690.13
United States,St. Kitts and Nevis,Import,  All Products,Import (US$ Thousand),16320.959,23620.196,24564.356,22245.76,23477.714,23700.576,31135.072,32954.948,33750.488,36808.368,41095.572,49898.612,46162.104,43244.093,51892.657,52917.344,56477.337,56861.414,50649.604,52970.936,56699.103,56825.77,54301.053,57791.52,58493.307,50691.878,49263.947,53851.941
United States,St. Lucia,Import,  All Products,Import (US$ Thousand),23174.16,29929.112,33123.512,27846.176,36453.604,23111.572,35183.128,23004.066,28673.736,22260.823,28911.04,20268.573,13670.244,14838.681,33536.076,32353.902,35736.665,27318.869,18959.665,18872.769,19263.378,15187.839,16535.511,19375.634,30376.863,15003.923,39437.153,26665.088
United States,St. Vincent and the Grenadines,Import,  All Products,Import (US$ Thousand),7611.559,4671.02,5077.292,5628.493,8038.068,6926.392,4485.091,4896.351,8338.777,8858.366,22493.227,16657.774,4196.561,4217.836,15787.043,2112.154,1390.105,1016.03,1284.022,1940.944,2094.978,2330.278,2888.473,1477.394,1850.258,3301.336,5265.381,5603.372
United States,Sudan,Import,  All Products,Import (US$ Thousand),,,,,,,,,,,,,,,,,,,,,,6524.197,10368.547,12913.923,9565.339,15406.249,13934.741,16578.293
United States,Suriname,Import,  All Products,Import (US$ Thousand),55709.864,49733.932,61418.552,46019.908,104817.248,101618.72,96661.952,112895.936,129775.712,135210.091,142917.846,139364.188,147762.872,147599.547,171203.136,171736.295,136418.728,133500.814,148284.329,208399.454,346462.691,288524.031,303122.465,477625.156,157437.906,71202.984,72502.455,92344.886
United States,Sweden,Import,  All Products,Import (US$ Thousand),4679521.28,4876892.672,4689979.904,5243107.84,6467295.232,7375387.648,7532536.32,8072619.52,8344374.784,9597054.938,8908418.729,9480480.862,11445355.58,13094202.22,14220363.36,14229885.19,13400941.82,12836537.46,8405690.596,10791023.49,11810806.24,10221636.09,9173747.665,10545070.07,10132840.41,9957139.123,11127382.73,12018644.05
United States,Switzerland,Import,  All Products,Import (US$ Thousand),5688720.384,5769555.968,6184039.936,6604440.576,7878322.688,8023413.76,8644885.504,9127678.976,10056481.79,10427701.18,9885216.631,9773999.463,11089770.31,12069617.1,13466003.17,14746691.13,15256360.2,18247547.9,16282605.58,19504924.92,24815127.84,25946595.07,28514353.87,31759080.66,31970254.25,36834114.61,36508694.2,41674775.29
United States,Syrian Arab Republic,Import,  All Products,Import (US$ Thousand),27112.04,45791.64,144722.496,71963.44,65039.984,16186.051,29933.152,47637.168,100897.056,158499.264,158479.772,173562.038,268011.785,296953.524,351366.739,229538.425,119267.549,373993.359,320596.371,445240.5,407713.681,19456.989,19213.37,12740.01,6909.806,7155.659,7459.504,6245.011
United States,Tajikistan,Import,  All Products,Import (US$ Thousand),,1788.497,18661.42,61775.864,42137.496,34436.544,8760.31,33211.832,23554.952,8960.883,5218.896,1274.517,7701.088,7558.714,248844.114,62173.689,323.086,8400.429,9017.976,1524.882,12541.788,26838.677,671.817,3646.436,34159.419,824.425,965.729,749.042
United States,Tanzania,Import,  All Products,Import (US$ Thousand),15958.916,12006.537,12817.372,16432.345,24059.56,20169.046,28189.752,33456.992,37359.464,32201.304,27863.208,26567.491,26212.809,25933.698,35462.175,36128.721,47762.65,57607.675,51179.304,44054.712,60724.152,114862.791,70326.213,88638.647,108299.68,151572.297,127201.541,99398.433
United States,Thailand,Import,  All Products,Import (US$ Thousand),6447437.824,7926796.288,8982299.648,10799177.73,11854380.03,11798392.83,13055708.16,13970534.4,15155534.85,16385318.16,14727188.83,15676223.76,16104256.24,18647532.46,21032805.21,23684861.32,23792955.29,24608981.76,19863863.81,23624244.2,25751271.32,26066838.76,26168824.64,28026524.57,29627418.39,30464026.3,32219330.89,33026619.94
United States,Togo,Import,  All Products,Import (US$ Thousand),3155.884,7087.739,3907.371,4679.456,31589.528,5971.152,10593.103,2913.35,3542.425,5990.963,12582.819,3113.061,6103.007,1778.019,7229.201,3940.27,5684.398,12007.395,6966.78,9499.057,31746.014,51910.954,7716.653,9673.264,14806.789,11475.83,15327.427,13785.407
United States,Tokelau,Import,  All Products,Import (US$ Thousand),3604.033,1163.06,5880.171,4332.777,6513.815,3191.703,2669.024,3237.727,6064.675,5227.515,9989.682,2888.992,6814.41,4523.368,11339.116,5383.154,8579.749,5842.228,17158.569,3749.128,7051.512,5242.736,1621.208,826.718,2025.751,2113.645,2135.122,9877.64
United States,Tonga,Import,  All Products,Import (US$ Thousand),5342.056,4653.316,4704.817,6216.725,6739.405,4228.589,3456.929,6678.312,5602.31,4845.516,7658.158,11433.424,15074.302,6653.241,7001.532,9440.559,7552.68,5635.18,3848.49,2371.158,2206.253,2247.827,1719.744,3424.734,3439.482,4582.877,4665.596,3926.039
United States,Trinidad and Tobago,Import,  All Products,Import (US$ Thousand),930124.608,921618.048,872770.176,1199101.952,1054560.64,1105648.128,1227156.608,1071164.224,1424696.576,2228813.168,2380003.355,2667921.372,4722916.903,6251806.894,8354097.133,8822154.19,9341821.567,9471326.427,5623790.544,7012449.587,8506040.704,8158370.115,6493927.516,6291689.774,4585299.337,3164423.876,3530561.052,3874407.662
United States,Tunisia,Import,  All Products,Import (US$ Thousand),26790.638,51427.536,43438.544,58696.86,75918.992,81127.488,67084.696,64745.32,78241.424,93905.655,121648.011,98094.762,108721.703,224690.571,276890.303,524394.339,477827.448,672135.111,338169.079,417802.738,365341.057,737859.325,748896.173,537724.359,563431.984,403648.642,476486.676,668713.009
United States,Turkey,Import,  All Products,Import (US$ Thousand),1074483.584,1183419.136,1279987.456,1692906.24,1925585.152,1883040.768,2244725.76,2677335.296,2761608.448,3041421.261,3054742.882,3761181.964,4062445.025,5320295.002,5591132.321,5774354.218,4897056.628,4949657.147,3856853.638,4424450.122,5464067.068,6293647.32,6668783.359,7763894.847,8353762.477,8493585.558,9877101.059,10897623.96
United States,Turkmenistan,Import,  All Products,Import (US$ Thousand),,1405.456,2181.264,1836.549,1290.989,531.795,2314.729,2976.625,9072.53,27977.185,45475.747,63371.906,81415.813,86573.264,145663.285,81233.857,234284.496,148800.688,96576.051,50723.796,45124.246,90367.265,31114.952,21229.847,59196.864,18926.75,14683.719,11987.36
United States,Turks and Caicos Isl.,Import,  All Products,Import (US$ Thousand),4309.018,6167.703,4299.219,4589.753,5217.941,5341.173,5466.853,4872.804,6509.794,5943.675,8104.233,5258.825,6387.862,7559.746,9615.794,12221.099,13203.265,10498.095,10932.847,12245.163,9770.365,9470.333,10557.772,8654.666,15035.748,12676.528,8731.329,9487.226
United States,Tuvalu,Import,  All Products,Import (US$ Thousand),1.889,13.018,4.95,1.687,,3.035,,2.076,,5.547,,,7.386,46.488,60.458,23.745,32.817,94.834,93.817,23.059,2.4,40.005,25.67,79.199,242.398,50.312,192.323,73.253
United States,Uganda,Import,  All Products,Import (US$ Thousand),20255.996,13573.212,11113.069,36161.912,13748.843,17068.56,39344.924,15979.017,22108.288,29064.087,17721.223,17263.766,38285.444,29692.407,28686.341,24051.692,28170.125,54256.456,32723.533,60458.753,48450.437,34478.933,47086.632,48084.403,66576.686,53966.22,81604.761,71509.075
United States,Ukraine,Import,  All Products,Import (US$ Thousand),,108945.296,201327.456,376115.584,471725.312,575070.016,469746.88,584790.144,586112.64,872184.184,673583.289,398886.623,288818.523,870124.732,1219912.529,1764652.168,1319425.349,2490510.472,513843.472,1130035.863,1528024.894,1349665.542,1036255.271,973143.116,896400.36,609292.106,1074163.194,1425675.43
United States,United Arab Emirates,Import,  All Products,Import (US$ Thousand),768584.64,871905.28,774454.976,479041.408,485532.704,537857.472,964423.68,707870.208,756008.896,971334.842,1194220.425,983856.993,1212055.141,1215401.457,1539848.018,1447037.067,1394073.643,1347550.414,1565393.403,1196290.525,2508100.235,2252945.931,2293086.998,2939275.627,2595032.388,3556522.763,4474244.965,5226656.092
United States,United Kingdom,Import,  All Products,Import (US$ Thousand),18920294.4,20666298.37,22361792.51,25817688.06,27663755.26,29669191.68,33475502.08,35678547.97,40138211.33,43333410.39,41348914.66,41685151.61,43870286.25,47532915.63,52337822.48,54612972.22,58070295.57,59740052.57,48249946.91,50674817.7,52149820.17,54963670.85,52749213.89,55316558.84,58887110.55,55147156.29,54171521.57,61748826.09
United States,Unspecified,Import,  All Products,Import (US$ Thousand),1229.33,409.318,452.946,504.329,787.335,992.549,462,647.425,4517.031,,,,,,,,,,,,,,,,,,,
United States,Uruguay,Import,  All Products,Import (US$ Thousand),251172.32,280474.208,263341.36,179269.024,178133.872,224285.072,240080.368,265507.968,208926.96,313000.799,227720.904,202866.977,269869.199,622069.585,784617.515,547359.456,523513.654,259187.293,254364.867,248573.857,304161.791,357532.717,423082.838,477024.64,629039.456,557707.828,607828.47,532402.021
United States,Uzbekistan,Import,  All Products,Import (US$ Thousand),,768.776,7401.785,2831.701,19284.944,165357.872,40342.436,34761.5,27009.606,41168.073,53522.142,81385.792,87438.569,89950.568,97512.535,153296.528,165669.735,292988.736,89854.382,68778.729,51483.193,25939.962,26586.261,15085.43,10192.763,31077.997,14853.03,19016.857
United States,Vanuatu,Import,  All Products,Import (US$ Thousand),1827.615,5383.994,3969.18,3851.163,185.065,634.162,2347.662,5158.413,2310.555,555.454,787.192,2867.232,955.5,2078.652,2782.164,2444.125,1069.589,1456.906,1968.761,1814.864,2452.481,2596.805,4192.881,7865.336,4044.044,5943.496,5779.99,7449.39
United States,Venezuela,Import,  All Products,Import (US$ Thousand),8724523.008,8636471.296,8707309.568,8989436.928,10427901.95,13718865.92,14389399.55,10072806.4,11950013.44,18623174.35,15250267.48,15813270.18,18065799.04,26274102.13,35306345.15,38386162.1,41010703.54,52610099.83,28780266.84,33313828.32,43865920.83,38723631.62,31997363.53,30863480.75,16223281.26,11444169.41,12750539.11,13515294.76
United States,Vietnam,Import,  All Products,Import (US$ Thousand),,7.993,,54614.672,210019.376,341684.512,412600.544,596040.768,654818.432,821430.464,1052858.983,2584729.536,4909551.803,5726298.654,7207120.752,9265019.927,11425322.91,13853633.48,13038309.11,15888133.95,18456988.14,20267676.97,24654014.02,32011177.84,39692685.56,43747875.47,48421110.34,51277489.49
United States,Wallis and Futura Isl.,Import,  All Products,Import (US$ Thousand),,13.556,4.376,,44.018,,,,34.964,,2.537,,8.868,1.439,26.295,47.978,34.897,4.124,34.651,18.22,6.241,0.019,296.015,32.589,96.253,525.163,61.776,20.498
United States,Western Sahara,Import,  All Products,Import (US$ Thousand),,336.089,14.5,1394.028,,9.38,17.522,18.602,30.184,,,20.16,3.037,,,,52.424,4.316,,0.019,17.909,114.438,710.261,126.893,53.491,88.651,18.679,94.416
United States,Yemen,Import,  All Products,Import (US$ Thousand),165702.32,46250.44,110348.416,199272.784,44402.016,30916.428,18201.832,43202.756,20006.644,255615.679,202371.731,258243.001,72066.986,66682.995,302832.999,479415.491,313078.978,8566.131,7598.72,205626.853,615969.651,87107.413,65593.85,41714.143,48977.918,2443.84,10349.024,2229.716
United States,"Yugoslavia,FR(Serbia/Montenegr",Import,  All Products,Import (US$ Thousand),720213.696,,,,,,,,,,,,,,,,,,,,,,,,,,,
United States,Zambia,Import,  All Products,Import (US$ Thousand),42911.6,70912.776,41308.464,64288.952,33278.828,64980.112,56766.416,47949.12,38075.476,17726.954,15584.31,8161.322,12858.036,32854.8,31918.678,28663.902,49142.363,51819.011,8672.086,29755.175,47545.602,63020.002,37700.326,56051.624,48580.609,47108.431,68322.688,190841.843
United States,Zimbabwe,Import,  All Products,Import (US$ Thousand),96016.632,114074.352,121794.944,112059.432,104757.256,143503.696,147997.744,134958.416,140996.544,112378.062,90799.22,108745.604,60392.353,80676.676,98059.784,107156.226,75117.385,114275.347,23736.88,60063.095,52346.333,52453.255,13887.943,67174.278,69000.482,24423.829,48984.863,79062.467
